Дата;Магазин;Товар;Категория;Цена;Акция
2026-10-01;Magnum;Молоко 1 л;Молочное;540;1
2026-10-01;Magnum;Кефир 1 л;Молочное;610;0
2026-10-01;Magnum;Сыр Голландский 200 г;Молочное;1450;0
2026-10-01;Magnum;Масло сливочное 200 г;Молочное;1120;1
2026-10-01;Magnum;Хлеб формовой;Выпечка;120;0
2026-10-01;Magnum;Батон Нарезной;Выпечка;280;0
2026-10-01;Magnum;Говядина мякоть 1 кг;Мясо;3850;0
2026-10-01;Magnum;Куриное филе 1 кг;Мясо;2450;0
2026-10-01;Magnum;Яйца 10 шт;Мясо;680;1
2026-10-01;Magnum;Картофель 1 кг;Овощи и фрукты;220;0
2026-10-01;Magnum;Лук репчатый 1 кг;Овощи и фрукты;150;0
2026-10-01;Magnum;Яблоки 1 кг;Овощи и фрукты;550;0
2026-10-01;Magnum;Бананы 1 кг;Овощи и фрукты;890;1
2026-10-01;Magnum;Рис Алатир 1 кг;Бакалея;720;0
2026-10-01;Magnum;Масло подсолнечное 1 л;Бакалея;850;0
2026-10-01;Базар;Молоко 1 л;Молочное;480;0
2026-10-01;Базар;Кефир 1 л;Молочное;550;0
2026-10-01;Базар;Сыр Голландский 200 г;Молочное;1300;0
2026-10-01;Базар;Масло сливочное 200 г;Молочное;1050;0
2026-10-01;Базар;Хлеб формовой;Выпечка;110;0
2026-10-01;Базар;Батон Нарезной;Выпечка;260;0
2026-10-01;Базар;Говядина мякоть 1 кг;Мясо;3500;0
2026-10-01;Базар;Куриное филе 1 кг;Мясо;2100;0
2026-10-01;Базар;Яйца 10 шт;Мясо;620;0
2026-10-01;Базар;Картофель 1 кг;Овощи и фрукты;180;0
2026-10-01;Базар;Лук репчатый 1 кг;Овощи и фрукты;120;0
2026-10-01;Базар;Яблоки 1 кг;Овощи и фрукты;450;0
2026-10-01;Базар;Бананы 1 кг;Овощи и фрукты;820;0
2026-10-01;Базар;Рис Алатир 1 кг;Бакалея;680;0
2026-10-01;Базар;Масло подсолнечное 1 л;Бакалея;800;0
2026-10-01;Small;Молоко 1 л;Молочное;560;0
2026-10-01;Small;Кефир 1 л;Молочное;630;0
2026-10-01;Small;Сыр Голландский 200 г;Молочное;1520;0
2026-10-01;Small;Масло сливочное 200 г;Молочное;1180;0
2026-10-01;Small;Хлеб формовой;Выпечка;130;0
2026-10-01;Small;Батон Нарезной;Выпечка;290;0
2026-10-01;Small;Говядина мякоть 1 кг;Мясо;3950;0
2026-10-01;Small;Куриное филе 1 кг;Мясо;2550;0
2026-10-01;Small;Яйца 10 шт;Мясо;710;0
2026-10-01;Small;Картофель 1 кг;Овощи и фрукты;240;0
2026-10-01;Small;Лук репчатый 1 кг;Овощи и фрукты;170;0
2026-10-01;Small;Яблоки 1 кг;Овощи и фрукты;580;0
2026-10-01;Small;Бананы 1 кг;Овощи и фрукты;920;0
2026-10-01;Small;Рис Алатир 1 кг;Бакалея;750;0
2026-10-01;Small;Масло подсолнечное 1 л;Бакалея;880;0
2026-10-08;Magnum;Молоко 1 л;Молочное;550;0
2026-10-08;Magnum;Кефир 1 л;Молочное;610;0
2026-10-08;Magnum;Сыр Голландский 200 г;Молочное;1450;0
2026-10-08;Magnum;Масло сливочное 200 г;Молочное;1200;0
2026-10-08;Magnum;Хлеб формовой;Выпечка;120;0
2026-10-08;Magnum;Батон Нарезной;Выпечка;280;0
2026-10-08;Magnum;Говядина мякоть 1 кг;Мясо;3900;0
2026-10-08;Magnum;Куриное филе 1 кг;Мясо;2450;0
2026-10-08;Magnum;Яйца 10 шт;Мясо;700;0
2026-10-08;Magnum;Картофель 1 кг;Овощи и фрукты;230;0
2026-10-08;Magnum;Лук репчатый 1 кг;Овощи и фрукты;150;0
2026-10-08;Magnum;Яблоки 1 кг;Овощи и фрукты;520;1
2026-10-08;Magnum;Бананы 1 кг;Овощи и фрукты;910;0
2026-10-08;Magnum;Рис Алатир 1 кг;Бакалея;720;0
2026-10-08;Magnum;Масло подсолнечное 1 л;Бакалея;850;0
